time,coin,dir,px,sz,ntl,fee,closedPnl
07/12/2025 - 03:03:18,ETH,Open Short,3047.5,0.1639,499.48524999999995,0.224768,-0.224768
07/12/2025 - 03:19:44,ETH,Close Short,3053.1,0.1636,499.48715999999996,0.224769,-1.1409289999999999
07/12/2025 - 03:36:58,ETH,Open Short,3049.1,0.1637,499.13767,0.224611,-0.224611
07/12/2025 - 03:53:27,ETH,Close Short,3053.4,0.164,500.7576,0.22534,-0.93218
07/12/2025 - 04:09:41,ETH,Open Long,3057.8,0.1634,499.64452,0.22484,-0.22484
07/12/2025 - 04:25:52,ETH,Long > Short,3054.8,0.1635,499.45980000000003,0.224756,-0.714956
07/12/2025 - 04:43:44,ETH,Short > Long,3057.9,0.1635,499.96665,0.224984,-0.225294
07/12/2025 - 05:16:35,ETH,Long > Short,3057.8,0.1635,499.9503,0.224977,-0.241317
07/12/2025 - 05:32:56,ETH,Open Short,3050.9,0.1638,499.73742000000004,0.224881,-0.224881
07/12/2025 - 05:49:16,ETH,Close Short,3052,0.1639,500.22279999999995,0.2251,-0.40539000000000003
07/12/2025 - 06:06:15,BTC,Open Short,89305,0.0056,500.108,0.225048,-0.225048
07/12/2025 - 06:23:21,ETH,Open Short,3048.9,0.164,500.0196,0.225008,-0.225008
07/12/2025 - 06:39:45,ETH,Close Short,3053.8,0.1638,500.21244,0.225095,-1.027715
07/12/2025 - 07:13:40,ETH,Open Short,3048.9004878049,0.164,500.01968000000363,0.225008,-0.225008
07/12/2025 - 07:30:07,ETH,Close Short,3051.3,0.1642,501.02346000000006,0.22546,-0.61954
07/12/2025 - 10:30:16,ETH,Open Short,3033.8,0.9821,2979.49498,1.340772,-1.340772
07/12/2025 - 10:53:05,BTC,Close Short,88912,0.0056,497.9072,0.224058,1.976742
07/12/2025 - 11:46:09,ETH,Close Short,3046.4,0.9821,2991.86944,1.34634,-13.720799999999999
07/12/2025 - 18:57:53,BTC,Open Long,90762,0.03306,3000.59172,1.350266,-1.350266
07/12/2025 - 19:18:31,BTC,Close Long,91485.5683605566,0.03306,3024.5128900000013,1.361029,22.560141
07/12/2025 - 19:20:57,BTC,Open Long,91252.4593065693,0.0548,5000.634769999998,2.250285,-2.250285
07/12/2025 - 19:21:04,ETH,Open Long,3131.3455894322,1.5973,5001.698310000053,2.250764,-2.250764
07/12/2025 - 19:28:05,BTC,Open Long,91395,0.01094,999.8613,0.449937,-0.449937
07/12/2025 - 19:28:13,BTC,Close Long,91377.3700943109,0.06574,6007.14831,2.703215,3.954281
07/12/2025 - 19:28:14,ETH,Close Long,3148.4,0.1587,499.65108000000004,0.224842,2.4825800000000005
07/12/2025 - 22:23:15,ETH,Close Long,3127.8165160573,1.4386,4499.676840000032,2.024853,-7.093736999999999
07/12/2025 - 22:43:38,ETH,Open Long,3111.5,0.9321,2900.22915,1.305102,-1.305102
07/12/2025 - 22:56:54,ETH,Close Long,3074.2,0.9321,2865.46182,1.289457,-36.056787
07/12/2025 - 23:48:53,ETH,Open Long,3059.3633639144,1.4715,4501.85319000004,2.025833,-2.025833
08/12/2025 - 02:29:07,ETH,Close Long,3105.992259599,1.4715,4570.467609999929,2.056709,66.562661
08/12/2025 - 02:34:33,BTC,Open Long,91237,0.03354,3060.08898,1.37704,-1.37704
08/12/2025 - 02:51:03,BTC,Close Long,90858.243219076,0.03355,3048.29406,1.371731,-14.075231
08/12/2025 - 02:51:07,ETH,Open Long,3116.4,0.9627,3000.15828,1.35007,-1.35007
08/12/2025 - 03:57:51,BTC,Short > Long,91195,0.0329,3000.3154999999997,1.350141,-1.3535110000000001
08/12/2025 - 04:14:25,BTC,Close Long,90935,0.03298,2999.0363,1.349565,-9.900965
08/12/2025 - 05:21:16,BTC,Close Short,90939,0.00009,8.184510000000001,0.003683,-0.004043
08/12/2025 - 05:38:00,BTC,Open Long,91109,0.03293,3000.2193700000003,1.350098,-1.350098
08/12/2025 - 06:11:45,BTC,Open Long,90900,0.011,999.9,0.449955,-0.449955
08/12/2025 - 06:11:56,ETH,Close Long,3127.5209637046,0.1598,499.77784999999506,0.224899,1.5522310000000001
08/12/2025 - 07:42:01,BTC,Close Long,91390,0.04393,4014.7626999999998,1.806642,12.83962
08/12/2025 - 10:02:06,ETH,Close Long,3156.7,0.8029,2534.5144299999997,1.140531,31.216339
08/12/2025 - 10:05:57,BTC,Open Long,91995,0.01088,1000.9056,0.450407,-0.450407
08/12/2025 - 10:06:05,ETH,Open Short,3176.1,0.1574,499.91814000000005,0.224963,-0.224963
08/12/2025 - 10:22:39,ETH,Short > Long,3165.3,0.158,500.11740000000003,0.225052,1.474868
08/12/2025 - 13:01:11,ETH,Close Long,3139.3,0.0006,1.88358,0.000847,-0.016447
08/12/2025 - 14:17:23,ETH,Open Long,3150.1,0.1587,499.92087000000004,0.224964,-0.224964
08/12/2025 - 14:40:28,BTC,Close Long,91200,0.01088,992.2560000000001,0.446515,-9.096115
08/12/2025 - 16:09:15,ETH,Close Long,3118.4,0.1587,494.89008,0.2227,-5.253489999999999
08/12/2025 - 17:04:43,ETH,Open Long,3098.3,0.0099,30.673170000000006,0.013802,-0.013802
08/12/2025 - 17:22:11,BTC,Open Long,90020,0.00033,29.706599999999998,0.013367,-0.013367
08/12/2025 - 17:30:48,ETH,Close Long,3130.4,0.0099,30.990960000000005,0.013945,0.30384500000000003
08/12/2025 - 17:39:32,BTC,Close Long,89969,0.00033,29.68977,0.01336,-0.03019
08/12/2025 - 17:56:13,BTC,Open Short,89562,0.00045,40.3029,0.018136,-0.018136
08/12/2025 - 18:47:37,BTC,Close Short,89581,0.00045,40.31145,0.01814,-0.02669
08/12/2025 - 19:04:29,ETH,Open Long,3121.8,0.961,3000.0498000000002,1.350022,-1.350022
08/12/2025 - 19:56:24,ETH,Close Long,3106.8288761707,0.961,2985.6625500000423,1.343547,-15.730796999999999
08/12/2025 - 20:27:12,ETH,Open Long,3116.5,1.1236,3501.6994,1.575764,-1.575764
08/12/2025 - 21:07:32,ETH,Close Long,3136.9,1.1236,3524.62084,1.586079,21.335361
08/12/2025 - 21:32:40,ETH,Open Long,3132.4,1.1175,3500.457,1.575205,-1.575205
08/12/2025 - 21:49:19,ETH,Close Long,3132.6,1.1171,3499.42746,1.574742,-1.3513220000000001
08/12/2025 - 22:39:35,ETH,Close Long,3139.7,0.0004,1.2558799999999999,0.000565,0.002355
08/12/2025 - 22:56:00,ETH,Open Long,3151.5,1.1108,3500.6862,1.575307,-1.575307
08/12/2025 - 23:12:42,ETH,Close Long,3143,1.1103,3489.6729,1.570352,-11.007902
08/12/2025 - 23:13:20,ETH,Close Long,3140,0.0005,1.57,0.000706,-0.006456
09/12/2025 - 00:02:32,ETH,Open Long,3139,1.1153,3500.9267,1.575416,-1.575416
09/12/2025 - 00:20:36,ETH,Close Long,3124.9,1.1153,3485.20097,1.56834,-17.29407
09/12/2025 - 00:51:50,ETH,Open Long,3132,0.2874,900.1368,0.405061,-0.405061
09/12/2025 - 01:53:03,ETH,Close Long,3122,0.2874,897.2628,0.403768,-3.277768
09/12/2025 - 01:57:23,BTC,Open Long,90125,0.0111,1000.3875,0.450174,-0.450174
09/12/2025 - 01:57:29,ETH,Open Short,3123.7,0.1601,500.10436999999996,0.225046,-0.225046
09/12/2025 - 02:14:11,BTC,Close Long,90162,0.01109,999.89658,0.449953,-0.03962300000000002
09/12/2025 - 02:14:16,ETH,Short > Long,3121.2,0.1603,500.32836,0.225147,0.17510299999999998
09/12/2025 - 02:31:19,BTC,Long > Short,89936,0.01112,1000.08832,0.450039,-0.451929
09/12/2025 - 03:06:00,ETH,Open Long,3118.1,0.3208,1000.2864799999999,0.450128,-0.450128
09/12/2025 - 04:20:03,BTC,Close Short,89640,0.01111,995.9004,0.448155,2.840405
09/12/2025 - 04:30:36,BTC,Open Short,89780,0.01114,1000.1492000000001,0.450067,-0.450067
09/12/2025 - 04:38:55,BTC,Close Short,90116,0.01114,1003.89224,0.451751,-4.194791
09/12/2025 - 07:38:19,BTC,Open Short,89461,0.01118,1000.17398,0.450078,-0.450078
09/12/2025 - 07:38:29,ETH,Long > Short,3102.9,0.3223,1000.06467,0.450029,-5.329229
09/12/2025 - 07:48:41,BTC,Close Short,89766,0.01118,1003.58388,0.451612,-3.861512
09/12/2025 - 07:55:47,ETH,Short > Long,3113.6,0.3212,1000.08832,0.450039,-0.463949
09/12/2025 - 10:33:13,ETH,Close Long,3118.5,0.3199,997.60815,0.448923,1.118587
09/12/2025 - 10:41:31,BTC,Open Short,89924,0.03336,2999.8646400000002,1.349938,-1.349938
09/12/2025 - 13:43:42,BTC,Close Short,90308,0.02999,2708.3369199999997,1.218751,-12.734910999999999
09/12/2025 - 14:17:22,BTC,Short > Long,90276,0.03367,3039.59292,1.367816,-2.554056
09/12/2025 - 14:30:56,BTC,Close Long,90425,0.00337,304.73225,0.137129,0.36500099999999996
09/12/2025 - 14:34:51,BTC,Close Long,90302.2816326531,0.02695,2433.6464900000014,1.09514,-0.38731000000000004
09/12/2025 - 14:51:46,BTC,Open Short,89933.073381295,0.0278,2500.139440000001,1.125062,-1.125062
09/12/2025 - 15:57:45,ETH,Open Long,3118.8,0.9138,2849.95944,1.282481,-1.282481
09/12/2025 - 16:01:34,BTC,Close Short,90434.4460431655,0.0278,2514.077600000001,1.131334,-15.063194000000001
09/12/2025 - 16:02:13,ETH,Close Long,3142.7797767564,0.9138,2871.8721599999985,1.292341,20.627212
09/12/2025 - 16:14:28,BTC,Short > Long,90529,0.0315,2851.6635,1.283248,-1.295162
09/12/2025 - 16:50:18,BTC,Close Long,91964.6226175349,0.03148,2895.0463199999986,1.30277,43.890629999999994
13/12/2025 - 14:35:16,BTC,Open Short,90360.7970557308,0.21873,19764.61714,8.894075,-8.894075
13/12/2025 - 16:15:28,BTC,Open Short,90263,0.00653,589.4173900000001,0.265237,-0.265237
13/12/2025 - 17:04:50,BTC,Close Short,90301.3104693141,0.01108,1000.5385200000003,0.450242,0.17677000000000004
13/12/2025 - 17:04:59,ETH,Open Short,3033.1179049939,0.1642,498.0379599999984,0.224116,-0.224116
13/12/2025 - 17:21:45,BTC,Open Short,90169,0.00795,716.84355,0.322579,-0.322579
13/12/2025 - 17:21:56,ETH,Open Short,3036.3132075472,0.0106,32.18492000000032,0.014482,-0.014482
13/12/2025 - 17:34:16,ETH,Close Short,3092.2,0.1748,540.51656,0.243232,-10.537204000000001
13/12/2025 - 17:38:38,BTC,Open Short,90123,0.00657,592.10811,0.266448,-0.266448
13/12/2025 - 18:30:12,BTC,Open Short,90059,0.00314,282.78526,0.127253,-0.127253
13/12/2025 - 20:26:55,BTC,Close Short,90254.9737243297,0.11151,10064.332120000005,4.528946,5.030390999999999
13/12/2025 - 20:36:50,BTC,Close Short,90396.6599351783,0.12033,10877.430090000005,4.894841,-11.6285
13/12/2025 - 20:43:43,BTC,Open Long,90340.1536666367,0.11141,10064.796519999994,4.529157,-4.529157
13/12/2025 - 21:17:19,BTC,Close Long,90222.2057265954,0.11141,10051.655939999993,4.523243,-17.657844
13/12/2025 - 21:17:23,ETH,Open Short,3016.7530554709,1.3124,3959.1867100000095,1.78163,-1.78163
13/12/2025 - 23:05:11,ETH,Close Short,3101.1,1.3124,4069.88364,1.831447,-112.532387
13/12/2025 - 23:14:45,ETH,Open Short,3022.7356920684,0.2572,777.4476199999924,0.34985,-0.34985
13/12/2025 - 23:31:23,ETH,Short > Long,3092.5,0.2574,796.0095,0.358204,-18.303048
13/12/2025 - 23:48:26,ETH,Close Long,3060,0.0002,0.612,0.000275,-0.006775
14/12/2025 - 03:39:39,BTC,Open Short,90367,0.036,3253.2119999999995,1.463945,-1.463945
14/12/2025 - 04:53:05,BTC,Close Short,90247,0.036,3248.892,1.462001,2.8579990000000004
14/12/2025 - 05:01:48,BTC,Open Short,90240,0.03,2707.2,1.21824,-1.21824
14/12/2025 - 08:19:30,ETH,Open Short,3098.1,0.7921,2454.00501,1.104301,-1.104301
14/12/2025 - 11:13:52,BTC,Close Short,89887,0.03,2696.61,1.213474,9.376526
14/12/2025 - 11:22:18,BTC,Open Short,89992,0.02736,2462.1811199999997,1.107981,-1.107981
14/12/2025 - 12:03:20,BTC,Close Short,89783,0.02736,2456.46288,1.105408,4.612832
14/12/2025 - 12:28:32,BTC,Open Short,89617.2604017217,0.02788,2498.529220000001,1.124337,-1.124337
14/12/2025 - 12:44:42,BTC,Close Short,89108,0.02788,2484.33104,1.117948,13.078548
14/12/2025 - 13:01:37,BTC,Open Short,89273,0.028,2499.6440000000002,1.124839,-1.124839
14/12/2025 - 14:59:21,BTC,Close Short,89605.9452985341,0.02797,2506.278289999999,1.127824,-10.440304000000001
14/12/2025 - 15:33:08,BTC,Close Short,89348,0.00003,2.68044,0.001206,-0.003456
14/12/2025 - 15:49:39,BTC,Open Short,89193.1498929336,0.02802,2499.1920599999994,1.124636,-1.124636
14/12/2025 - 16:23:11,BTC,Close Short,89258,0.02801,2500.11658,1.125052,-2.942901
15/12/2025 - 00:32:17,ETH,Close Short,3047.1,0.7921,2413.60791,1.086123,39.310977
15/12/2025 - 00:41:13,BTC,Short > Long,88298,0.01134,1001.29932,0.450584,-0.441633
15/12/2025 - 00:41:19,ETH,Open Short,3050.4,0.1639,499.96056,0.224982,-0.224982
15/12/2025 - 01:15:41,ETH,Close Short,3055.8,0.1637,500.23446000000007,0.225105,-1.1090849999999999
15/12/2025 - 01:25:02,BTC,Close Long,88631,0.01133,1004.18923,0.451885,3.321005
15/12/2025 - 01:32:21,BTC,Open Short,88710,0.0169,1499.1989999999998,0.674639,-0.674639
15/12/2025 - 01:37:14,BTC,Close Short,88427,0.0169,1494.4162999999999,0.672487,4.110213
15/12/2025 - 01:49:16,BTC,Open Short,88394,0.02262,1999.4722800000002,0.899762,-0.899762
15/12/2025 - 01:49:26,ETH,Close Short,3055.3,0.0002,0.61106,0.000274,-0.001254
15/12/2025 - 02:06:07,ETH,Open Long,3067.2,0.978,2999.7216,1.349874,-1.349874
15/12/2025 - 02:13:04,BTC,Close Short,88744,0.02262,2007.38928,0.903325,-8.820325
15/12/2025 - 02:23:38,BTC,Open Short,88779,0.01689,1499.47731,0.674764,-0.674764
15/12/2025 - 02:24:10,BTC,Close Short,88854,0.01689,1500.74406,0.675334,-1.942084
15/12/2025 - 02:33:22,ETH,Close Long,3074.2,0.978,3006.5676,1.352955,5.493045
15/12/2025 - 02:41:16,BTC,Open Short,89200.2002141328,0.02802,2499.389610000001,1.124724,-1.124724
15/12/2025 - 02:41:25,ETH,Open Long,3096.3,1.1304,3500.0575200000003,1.575025,-1.575025
15/12/2025 - 02:58:46,BTC,Open Short,89369.4281005356,0.12135,10844.980099999995,4.88024,-4.88024
15/12/2025 - 03:17:09,BTC,Close Short,89800,0.02802,2516.196,1.132288,-14.088736
15/12/2025 - 03:17:09,BTC,Close Short,89862.4177997528,0.12135,10904.804400000003,4.90716,-68.5938
15/12/2025 - 03:18:12,ETH,Close Long,3124.4254334749,1.1304,3531.850510000027,1.589332,30.203658
15/12/2025 - 03:32:51,BTC,Open Short,89742,0.03343,3000.07506,1.350033,-1.350033
15/12/2025 - 03:33:00,ETH,Open Long,3126.4409841922,2.2394,7001.351940000012,3.150607,-3.150607
15/12/2025 - 03:50:25,ETH,Close Long,3109.1631444911,2.2382,6958.9289499999795,3.131517,-41.800575
15/12/2025 - 04:58:02,ETH,Close Long,3101.5,0.0012,3.7217999999999996,0.001674,-0.031602
15/12/2025 - 05:14:43,BTC,Open Short,89606,0.03348,3000.0088800000003,1.350003,-1.350003
15/12/2025 - 05:44:19,BTC,Close Short,89816.4598714691,0.06691,6009.619329999997,2.704327,-12.243008
15/12/2025 - 05:49:03,ETH,Open Long,3111.1,0.8037,2500.3910699999997,1.125175,-1.125175
15/12/2025 - 07:28:54,ETH,Close Long,3109.7,0.8034,2498.3329799999997,1.124249,-2.249009
15/12/2025 - 07:45:29,ETH,Open Long,3117.7,0.802,2500.3954,1.125177,-1.125177
15/12/2025 - 07:49:10,ETH,Close Long,3125.7,0.8023,2507.7491099999997,1.128487,5.297936
15/12/2025 - 08:02:04,ETH,Open Long,3126.7,0.7997,2500.42199,1.125189,-1.125189
15/12/2025 - 08:52:00,ETH,Long > Short,3109.7,0.8003,2488.6929099999998,1.119911,-14.714811000000001
15/12/2025 - 09:09:22,ETH,Short > Long,3126.3,0.7997,2500.1021100000003,1.125045,-1.135005
15/12/2025 - 09:28:47,ETH,Close Long,3133.7852333876,0.7991,2504.207780000031,1.126893,4.854557
15/12/2025 - 09:59:58,ETH,Open Long,3133.4,0.7982,2501.0798800000002,1.125485,-1.125485
15/12/2025 - 11:21:15,ETH,Close Long,3148.68098221,0.7982,2513.277160000022,1.130973,11.066306999999998
15/12/2025 - 11:37:34,ETH,Open Long,3158.9,0.7917,2500.9011299999997,1.125405,-1.125405
15/12/2025 - 11:45:19,ETH,Close Long,3148.0585196413,0.7917,2492.317930000017,1.121542,-9.704742
15/12/2025 - 12:10:58,ETH,Open Long,3154.4,0.7926,2500.17744,1.125079,-1.125079
15/12/2025 - 14:23:23,ETH,Close Long,3123.6902599041,0.7926,2475.83689999999,1.114125,-25.454665000000002
15/12/2025 - 15:15:05,ETH,Open Long,3127.7,0.6395,2000.1641499999998,0.900073,-0.900073
15/12/2025 - 15:17:46,ETH,Close Long,3134.7367630962,0.6395,2004.6641600000196,0.902098,3.5979119999999996
15/12/2025 - 16:21:34,ETH,Open Long,3003.3475876536,0.6674,2004.4341800000125,0.901994,-0.901994
15/12/2025 - 16:38:13,ETH,Close Long,2982.3617607426,0.6679,1991.9194199999827,0.896363,-14.897158999999998
15/12/2025 - 17:44:19,ETH,Short > Long,2971.4912252619,0.6872,2042.0087699999779,0.918903,-0.912353
15/12/2025 - 18:00:57,ETH,Close Long,2982.7841667882,0.6859,2045.8916600000261,0.92065,6.826019
15/12/2025 - 18:17:43,ETH,Close Long,2965.5,0.0008,2.3724000000000003,0.001067,-0.0058590000000000005
15/12/2025 - 18:34:44,ETH,Open Long,2953.2094086418,0.6781,2002.5713000000048,0.901156,-0.901156
15/12/2025 - 18:51:11,ETH,Close Long,2935.2491430217,0.6943,2037.9434799999665,0.917074,-13.085514
15/12/2025 - 19:07:47,ETH,Close Short,2929.6,0.0162,47.45952,0.021356,0.066124
15/12/2025 - 20:29:57,ETH,Open Long,2938,0.6808,2000.1904,0.900085,-0.900085
15/12/2025 - 21:19:26,BTC,Open Long,85712,0.01167,1000.25904,0.450116,-0.450116
15/12/2025 - 21:19:33,ETH,Close Long,2913.9,0.1715,499.7338500000001,0.22488,-4.358029999999999
15/12/2025 - 21:39:23,BTC,Close Long,86012,0.01167,1003.76004,0.451692,3.049308
15/12/2025 - 22:26:32,BTC,Open Long,85930,0.01164,1000.2252,0.450101,-0.450101
15/12/2025 - 22:28:17,ETH,Close Long,2935,0.5093,1494.7955,0.672657,-2.200557
15/12/2025 - 22:59:23,BTC,Open Long,86191,0.0116,999.8155999999999,0.449917,-0.449917
15/12/2025 - 22:59:30,ETH,Open Short,2934.6,0.1703,499.76238,0.224893,-0.224893
15/12/2025 - 23:23:37,BTC,Close Long,85811,0.02324,1994.24764,0.897411,-6.688819
16/12/2025 - 02:19:43,ETH,Close Short,2942,0.1703,501.0226,0.22546,-1.48568
16/12/2025 - 17:37:41,ETH,Open Short,2927.9,0.6752,1976.9180800000001,0.889613,-0.889613
16/12/2025 - 17:54:04,BTC,Open Long,87434,0.01144,1000.24496,0.45011,-0.45011
16/12/2025 - 18:10:52,BTC,Long > Short,87493,0.01145,1001.79485,0.450807,0.224153
16/12/2025 - 18:28:20,BTC,Open Short,87117,0.01147,999.2319899999999,0.449654,-0.449654
16/12/2025 - 19:35:48,BTC,Short > Long,87464,0.01149,1004.96136,0.452232,-4.432348
16/12/2025 - 19:35:53,ETH,Short > Long,2937.9,0.6753,1983.96387,0.892783,-7.644782999999999
16/12/2025 - 19:53:11,ETH,Open Long,2957.5974313552,0.3387,1001.7382500000062,0.450781,-0.450781
16/12/2025 - 20:07:54,ETH,Close Long,2927.7,0.3388,991.9047599999999,0.446357,-10.573089000000001
16/12/2025 - 20:10:03,BTC,Long > Short,87267,0.01146,1000.0798199999999,0.450035,-0.45200500000000005
16/12/2025 - 20:10:12,ETH,Open Short,2925.4,0.3416,999.3166400000001,0.449692,-0.449692
16/12/2025 - 21:17:18,ETH,Close Short,2939.4947105495,0.3403,1000.3100499999948,0.450138,-5.246568
16/12/2025 - 21:37:03,ETH,Close Short,2953.9,0.0013,3.84007,0.001728,-0.038778
16/12/2025 - 21:51:00,ETH,Open Short,2940.6,0.3398,999.21588,0.449647,-0.449647
16/12/2025 - 22:37:57,BTC,Close Short,87634.8288209607,0.01145,1003.4187900000001,0.451537,-4.663177
16/12/2025 - 22:58:18,BTC,Open Short,87526,0.01143,1000.4221799999999,0.450189,-0.450189
17/12/2025 - 00:38:24,BTC,Short > Long,87407,0.01144,999.9360800000001,0.449971,0.9101990000000001
17/12/2025 - 00:38:29,ETH,Close Short,2945,0.3396,1000.1220000000001,0.450054,-1.944294
17/12/2025 - 00:55:30,BTC,Long > Short,87537,0.01142,999.6725399999999,0.449852,-0.44855199999999995
17/12/2025 - 00:55:41,ETH,Close Short,2952.7,0.0002,0.59054,0.000265,-0.002685
17/12/2025 - 02:02:24,BTC,Short > Long,87444,0.01144,1000.35936,0.450161,0.6109689999999999
17/12/2025 - 02:02:31,ETH,Open Short,2946.7,0.1697,500.0549899999999,0.225024,-0.225024
17/12/2025 - 02:25:45,BTC,Close Long,87488,0.00003,2.62464,0.001181,0.00013900000000000002
17/12/2025 - 02:36:12,BTC,Open Short,87502,0.01143,1000.1478599999999,0.450066,-0.450066
17/12/2025 - 02:36:20,ETH,Close Short,2954,0.1694,500.4076,0.225183,-1.461803
17/12/2025 - 02:53:07,ETH,Close Short,2946.7,0.0003,0.8840099999999999,0.000397,-0.000397
17/12/2025 - 04:33:01,ETH,Open Short,2938.2,0.6126,1799.94132,0.809973,-0.809973
17/12/2025 - 05:36:39,BTC,Close Short,86708,0.01143,991.0724399999999,0.445982,8.629437999999999
17/12/2025 - 05:52:02,ETH,Close Short,2921.2,0.6126,1789.52712,0.805287,9.608913
17/12/2025 - 06:12:45,ETH,Open Short,2925.3013814399,0.6153,1799.9379399999705,0.809971,-0.809971
17/12/2025 - 11:01:58,ETH,Close Short,2903.1,0.6153,1786.2774299999999,0.803824,12.855836
17/12/2025 - 11:11:53,ETH,Open Short,2914.4,0.6521,1900.48024,0.855216,-0.855216
17/12/2025 - 14:45:11,ETH,Close Short,2928.2,0.6521,1909.47922,0.859265,-9.858245
17/12/2025 - 17:00:06,ETH,Open Short,2893.8,0.6514,1885.02132,0.848259,-0.848259
17/12/2025 - 17:17:03,BTC,Open Long,86752,0.01154,1001.11808,0.450503,-0.450503
17/12/2025 - 17:17:12,ETH,Open Short,2867.2300229621,0.1742,499.4714699999978,0.22476,-0.22476
17/12/2025 - 17:30:18,ETH,Close Short,2837.8,0.6514,1848.54292,0.831844,31.992202000000002
17/12/2025 - 17:34:03,BTC,Long > Short,86264,0.01159,999.79976,0.449909,-6.081429
17/12/2025 - 18:21:31,ETH,Close Short,2870.4,0.1742,500.02368,0.22501,2.874008
17/12/2025 - 18:24:11,BTC,Short > Long,86796,0.01152,999.8899200000001,0.44995,-0.47655000000000003
17/12/2025 - 18:24:18,ETH,Open Short,2863.8,0.1746,500.01948000000004,0.225008,-0.225008
17/12/2025 - 18:57:35,BTC,Long > Short,86148,0.01161,1000.1782800000001,0.45008,-7.882639999999999
17/12/2025 - 19:14:17,BTC,Short > Long,86330,0.01159,1000.5647,0.450254,-0.475734
17/12/2025 - 19:14:26,ETH,Open Short,2843.8,0.1758,499.94004000000007,0.224973,-0.224973
17/12/2025 - 19:31:11,BTC,Long > Short,86347,0.01158,999.89826,0.449954,-0.25530400000000003
17/12/2025 - 19:48:20,BTC,Open Short,85569,0.01155,988.3219499999999,0.444744,-0.444744
17/12/2025 - 19:48:32,ETH,Open Short,2805.5,0.3606,1011.6632999999999,0.455248,-0.455248
17/12/2025 - 19:51:31,BTC,Close Short,85536,0.00013,11.119679999999999,0.005003,0.000405
17/12/2025 - 19:51:31,BTC,Close Short,85536,0.01155,987.9408,0.444573,0.03590700000000002
17/12/2025 - 20:05:15,BTC,Open Short,85357,0.01171,999.53047,0.449788,-0.449788
17/12/2025 - 20:08:37,ETH,Close Short,2789,0.711,1982.9789999999998,0.89234,27.74674
17/12/2025 - 20:21:48,ETH,Open Short,2797.1,0.7145,1998.52795,0.899337,-0.899337
17/12/2025 - 20:54:11,BTC,Close Short,85894.8804440649,0.01171,1005.8290499999999,0.452621,-6.751201
17/12/2025 - 20:55:37,ETH,Close Short,2810.0807973049,0.3562,1000.9507800000055,0.450425,-5.074185
17/12/2025 - 21:12:15,BTC,Open Short,85414,0.0117,999.3438,0.449704,-0.449704
17/12/2025 - 23:25:37,BTC,Close Short,85879,0.0117,1004.7843,0.452152,-5.892652
17/12/2025 - 23:42:57,BTC,Open Short,85861,0.03493,2999.1247300000005,1.349605,-1.349605
17/12/2025 - 23:59:44,ETH,Close Short,2823.2,0.3581,1010.9879199999999,0.454944,-9.801354
18/12/2025 - 00:16:21,ETH,Open Short,2807.5343043028,0.6763,1898.7354499999838,0.85443,-0.85443
18/12/2025 - 00:34:17,ETH,Close Short,2812.6281596452,0.6765,1902.7429499999778,0.856233,-4.3051379999999995
18/12/2025 - 00:37:44,BTC,Close Short,85682.0045805897,0.03493,2992.8724199999983,1.346792,4.905518
18/12/2025 - 00:49:35,ETH,Open Long,2816.7,0.6754,1902.39918,0.856079,-0.856079
18/12/2025 - 01:23:21,ETH,Close Long,2765.2,0.0241,66.64132,0.029988,-1.2711379999999999
18/12/2025 - 02:14:49,ETH,Close Long,2811.05,0.0208,58.46984,0.026311,-0.143831
18/12/2025 - 02:31:26,ETH,Close Long,2785.4,0.0046,12.81284,0.005765,-0.149745
18/12/2025 - 03:05:15,ETH,Close Long,2738.2,0.0186,50.930519999999994,0.022918,-1.483018
18/12/2025 - 03:21:55,ETH,Close Long,2801.6,0.0047,13.16752,0.005925,-0.076895
18/12/2025 - 03:38:52,ETH,Close Long,2821.6,0.0208,58.68928,0.02641,0.07551
18/12/2025 - 03:55:27,ETH,Close Long,2726.7316356513,0.3063,835.1978999999933,0.375838,-27.933148000000003
18/12/2025 - 04:11:54,ETH,Close Long,2800,0.0035,9.8,0.00441,-0.06286
18/12/2025 - 04:28:54,ETH,Close Long,2717.4198234645,0.2719,738.8664499999975,0.332489,-27.326769
18/12/2025 - 05:02:06,ETH,Close Long,2773.1,0.0001,0.27731,0.000124,-0.004484
18/12/2025 - 13:31:42,BTC,Open Short,85532.4922813036,0.01166,997.30886,0.448787,-0.448787
18/12/2025 - 13:44:14,BTC,Close Short,87003.9279588336,0.01166,1014.4657999999998,0.456509,-17.614525
18/12/2025 - 14:55:26,BTC,Open Long,88457,0.017,1503.769,0.676696,-0.676696
18/12/2025 - 15:01:19,BTC,Close Long,88377,0.017,1502.409,0.676084,-2.0360840000000002
18/12/2025 - 18:14:07,BTC,Open Short,86121,0.01856,1598.40576,0.719282,-0.719282
18/12/2025 - 19:20:31,ETH,Open Short,2799.2,0.0333,93.21336000000001,0.041946,-0.041946
18/12/2025 - 20:41:19,BTC,Close Short,84726,0.01856,1572.51456,0.707631,25.183569000000002
18/12/2025 - 21:19:39,ETH,Open Short,2755.2,0.0002,0.55104,0.000247,-0.000247
18/12/2025 - 21:52:58,ETH,Open Short,2774.5,0.635,1761.8075000000001,0.792813,-0.792813
18/12/2025 - 23:49:51,ETH,Open Short,2810.4,0.5974,1678.93296,0.755519,-0.755519
19/12/2025 - 04:05:16,ETH,Close Short,2842.1522632119,1.2659,3597.8805499999444,1.619045,-65.005523
19/12/2025 - 04:15:18,ETH,Open Short,2786.5667425968,0.1317,366.99083999999857,0.165145,-0.165145
19/12/2025 - 04:23:58,ETH,Close Short,2855.2216400911,0.1317,376.03268999999796,0.169213,-9.211951
19/12/2025 - 05:21:23,ETH,Open Long,2911.8,0.5152,1500.15936,0.675071,-0.675071
19/12/2025 - 05:38:13,ETH,Close Long,2837.8857806152,0.5169,1466.903159999997,0.660105,-38.738185
19/12/2025 - 05:54:51,ETH,Close Short,2834.9,0.0017,4.81933,0.002168,0.0003820000000000004
19/12/2025 - 11:58:27,ETH,Open Long,2942.9,0.7872,2316.65088,1.042492,-1.042492
19/12/2025 - 12:15:58,ETH,Close Long,2857.4847433943,0.7872,2249.4119899999932,1.012233,-68.25112299999999
19/12/2025 - 12:49:21,ETH,Open Long,2935.2805362463,0.4028,1182.3310000000097,0.532048,-0.532048
19/12/2025 - 13:55:20,ETH,Close Long,2899.9385640266,0.4053,1175.345099999981,0.528904,-14.739588000000001
19/12/2025 - 14:13:48,ETH,Close Short,2948,0.0025,7.37,0.003316,-0.148316
19/12/2025 - 15:35:34,BTC,Open Short,87787,0.02156,1892.68772,0.851709,-0.851709
19/12/2025 - 15:35:44,ETH,Open Long,2946.8817843866,0.6456,1902.5068799999888,0.856127,-0.856127
19/12/2025 - 15:42:00,BTC,Close Short,87589,0.02156,1888.41884,0.849788,3.419092
19/12/2025 - 15:44:54,ETH,Close Long,2898.8009758364,0.6456,1871.4659099999797,0.842157,-31.881975
19/12/2025 - 16:41:57,ETH,Open Long,2957.557280287,0.6133,1813.869880000017,0.81624,-0.81624
19/12/2025 - 17:06:58,ETH,Close Long,2924.6387249307,0.6133,1793.6809299999982,0.807155,-20.99164
19/12/2025 - 17:31:31,BTC,Open Long,88617,0.01129,1000.4859299999999,0.450218,-0.450218
19/12/2025 - 18:22:40,BTC,Open Long,88136,0.01135,1000.3436,0.450154,-0.450154
19/12/2025 - 18:22:48,ETH,Open Short,2943.6819041987,0.1691,497.7766100000002,0.223998,-0.223998
19/12/2025 - 18:29:18,BTC,Close Long,87757,0.01129,990.77653,0.445849,-7.432101
19/12/2025 - 18:40:25,BTC,Close Long,87245.3633187773,0.01145,998.95941,0.449531,-13.279151
19/12/2025 - 19:30:31,BTC,Short > Long,87436,0.01144,1000.2678400000001,0.45012,-0.47002
19/12/2025 - 19:30:41,ETH,Short > Long,2957.6,0.3394,1003.8094399999999,0.451714,-2.805586
19/12/2025 - 19:47:20,BTC,Long > Short,87008,0.01149,999.7219200000001,0.449874,-5.303394
19/12/2025 - 20:04:18,BTC,Short > Long,87269,0.01146,1000.1027399999999,0.450046,-0.489196
19/12/2025 - 20:26:47,BTC,Close Long,87768,0.01131,992.6560800000001,0.446695,5.196995
19/12/2025 - 20:38:27,BTC,Open Long,88015,0.01136,999.8504,0.449932,-0.449932
19/12/2025 - 20:55:06,ETH,Close Long,2949.7017481481,0.3375,995.5243399999838,0.447985,-1.608845
19/12/2025 - 21:28:26,ETH,Short > Long,2976,0.3374,1004.1024,0.451846,-5.033125999999999
19/12/2025 - 21:32:05,ETH,Close Long,2990.6,0.1702,509.00012,0.22905,2.25587
19/12/2025 - 21:35:49,BTC,Close Long,88315,0.01136,1003.2584,0.451466,2.956534
19/12/2025 - 21:45:35,ETH,Open Long,3030.7106357337,0.3319,1005.892860000015,0.452651,-0.452651
19/12/2025 - 22:02:09,ETH,Long > Short,2992.1,0.3322,993.9756199999999,0.447289,-13.261948
19/12/2025 - 22:19:35,ETH,Close Short,3025,0.0003,0.9075,0.000408,-0.010278
19/12/2025 - 23:09:49,BTC,Open Long,88287.8823529412,0.017,1500.8940000000005,0.675401,-0.675401
19/12/2025 - 23:09:58,ETH,Open Long,3027.0195475113,0.3315,1003.4569799999961,0.451554,-0.451554
20/12/2025 - 00:16:24,ETH,Long > Short,2985.2,0.3331,994.3701199999999,0.447466,-14.307481000000001
20/12/2025 - 01:07:30,BTC,Close Long,88126,0.01702,1499.90452,0.674956,-3.425556
20/12/2025 - 01:24:58,ETH,Short > Long,3008.1291504053,0.3331,1002.0078200000055,0.450903,-0.487543
20/12/2025 - 01:28:29,ETH,Close Long,2979.1,0.3315,987.57165,0.444407,-10.064537
20/12/2025 - 01:58:07,ETH,Open Long,3006.8572929172,0.3332,1001.884850000011,0.450847,-0.450847
20/12/2025 - 02:14:45,BTC,Short > Long,88254,0.01133,999.91782,0.449963,-0.452523
20/12/2025 - 02:14:56,ETH,Close Long,2979.9,0.3331,992.60469,0.446672,-9.423717
20/12/2025 - 03:44:18,BTC,Close Long,88396,0.01131,999.75876,0.449891,1.156129
20/12/2025 - 14:21:22,ETH,Close Long,2970,0.0001,0.29700000000000004,0.000133,-0.0038179999999999998